{
	"start":	{
		"connected":	[{
				"socket":	5,
				"local_host":	"10.110.0.8",
				"local_port":	57021,
				"remote_host":	"10.110.0.5",
				"remote_port":	5202
			}],
		"version":	"iperf 3.12",
		"system_info":	"Linux pool-f5vm1izlt-9q988 6.12.74+deb13+1-amd64 #1 SMP PREEMPT_DYNAMIC Debian 6.12.74-2 (2026-03-08) x86_64",
		"timestamp":	{
			"time":	"Sat, 18 Apr 2026 15:47:11 GMT",
			"timesecs":	1776527231
		},
		"connecting_to":	{
			"host":	"10.110.0.5",
			"port":	5202
		},
		"cookie":	"teanxxq3vnk6cq46qd5nvnhqqvw35hath6fq",
		"target_bitrate":	0,
		"sock_bufsize":	0,
		"sndbuf_actual":	212992,
		"rcvbuf_actual":	212992,
		"test_start":	{
			"protocol":	"UDP",
			"num_streams":	1,
			"blksize":	1400,
			"omit":	0,
			"duration":	30,
			"bytes":	0,
			"blocks":	0,
			"reverse":	0,
			"tos":	0,
			"target_bitrate":	0
		}
	},
	"intervals":	[{
			"streams":	[{
					"socket":	5,
					"start":	0,
					"end":	1.000009,
					"seconds":	1.0000089406967163,
					"bytes":	277578000,
					"bits_per_second":	2220604146.2518015,
					"packets":	198270,
					"omitted":	false,
					"sender":	true
				}],
			"sum":	{
				"start":	0,
				"end":	1.000009,
				"seconds":	1.0000089406967163,
				"bytes":	277578000,
				"bits_per_second":	2220604146.2518015,
				"packets":	198270,
				"omitted":	false,
				"sender":	true
			}
		}, {
			"streams":	[{
					"socket":	5,
					"start":	1.000009,
					"end":	2.000055,
					"seconds":	1.0000460147857666,
					"bytes":	263214000,
					"bits_per_second":	2105615110.57178,
					"packets":	188010,
					"omitted":	false,
					"sender":	true
				}],
			"sum":	{
				"start":	1.000009,
				"end":	2.000055,
				"seconds":	1.0000460147857666,
				"bytes":	263214000,
				"bits_per_second":	2105615110.57178,
				"packets":	188010,
				"omitted":	false,
				"sender":	true
			}
		}, {
			"streams":	[{
					"socket":	5,
					"start":	2.000055,
					"end":	3.000034,
					"seconds":	0.999979019165039,
					"bytes":	262654000,
					"bits_per_second":	2101276086.5267787,
					"packets":	187610,
					"omitted":	false,
					"sender":	true
				}],
			"sum":	{
				"start":	2.000055,
				"end":	3.000034,
				"seconds":	0.999979019165039,
				"bytes":	262654000,
				"bits_per_second":	2101276086.5267787,
				"packets":	187610,
				"omitted":	false,
				"sender":	true
			}
		}, {
			"streams":	[{
					"socket":	5,
					"start":	3.000034,
					"end":	4.000045,
					"seconds":	1.0000109672546387,
					"bytes":	262304000,
					"bits_per_second":	2098408986.2143121,
					"packets":	187360,
					"omitted":	false,
					"sender":	true
				}],
			"sum":	{
				"start":	3.000034,
				"end":	4.000045,
				"seconds":	1.0000109672546387,
				"bytes":	262304000,
				"bits_per_second":	2098408986.2143121,
				"packets":	187360,
				"omitted":	false,
				"sender":	true
			}
		}, {
			"streams":	[{
					"socket":	5,
					"start":	4.000045,
					"end":	5.000051,
					"seconds":	1.0000059604644775,
					"bytes":	262010000,
					"bits_per_second":	2096067506.4640851,
					"packets":	187150,
					"omitted":	false,
					"sender":	true
				}],
			"sum":	{
				"start":	4.000045,
				"end":	5.000051,
				"seconds":	1.0000059604644775,
				"bytes":	262010000,
				"bits_per_second":	2096067506.4640851,
				"packets":	187150,
				"omitted":	false,
				"sender":	true
			}
		}, {
			"streams":	[{
					"socket":	5,
					"start":	5.000051,
					"end":	6.000053,
					"seconds":	1.0000020265579224,
					"bytes":	255752000,
					"bits_per_second":	2046011853.6384687,
					"packets":	182680,
					"omitted":	false,
					"sender":	true
				}],
			"sum":	{
				"start":	5.000051,
				"end":	6.000053,
				"seconds":	1.0000020265579224,
				"bytes":	255752000,
				"bits_per_second":	2046011853.6384687,
				"packets":	182680,
				"omitted":	false,
				"sender":	true
			}
		}, {
			"streams":	[{
					"socket":	5,
					"start":	6.000053,
					"end":	7.000046,
					"seconds":	0.99999302625656128,
					"bytes":	255668000,
					"bits_per_second":	2045358263.803772,
					"packets":	182620,
					"omitted":	false,
					"sender":	true
				}],
			"sum":	{
				"start":	6.000053,
				"end":	7.000046,
				"seconds":	0.99999302625656128,
				"bytes":	255668000,
				"bits_per_second":	2045358263.803772,
				"packets":	182620,
				"omitted":	false,
				"sender":	true
			}
		}, {
			"streams":	[{
					"socket":	5,
					"start":	7.000046,
					"end":	8.000027,
					"seconds":	0.99998098611831665,
					"bytes":	260918000,
					"bits_per_second":	2087383689.2664955,
					"packets":	186370,
					"omitted":	false,
					"sender":	true
				}],
			"sum":	{
				"start":	7.000046,
				"end":	8.000027,
				"seconds":	0.99998098611831665,
				"bytes":	260918000,
				"bits_per_second":	2087383689.2664955,
				"packets":	186370,
				"omitted":	false,
				"sender":	true
			}
		}, {
			"streams":	[{
					"socket":	5,
					"start":	8.000027,
					"end":	9.000039,
					"seconds":	1.0000120401382446,
					"bytes":	261352000,
					"bits_per_second":	2090790826.5894072,
					"packets":	186680,
					"omitted":	false,
					"sender":	true
				}],
			"sum":	{
				"start":	8.000027,
				"end":	9.000039,
				"seconds":	1.0000120401382446,
				"bytes":	261352000,
				"bits_per_second":	2090790826.5894072,
				"packets":	186680,
				"omitted":	false,
				"sender":	true
			}
		}, {
			"streams":	[{
					"socket":	5,
					"start":	9.000039,
					"end":	10.000041,
					"seconds":	1.0000020265579224,
					"bytes":	261030000,
					"bits_per_second":	2088235768.0692604,
					"packets":	186450,
					"omitted":	false,
					"sender":	true
				}],
			"sum":	{
				"start":	9.000039,
				"end":	10.000041,
				"seconds":	1.0000020265579224,
				"bytes":	261030000,
				"bits_per_second":	2088235768.0692604,
				"packets":	186450,
				"omitted":	false,
				"sender":	true
			}
		}, {
			"streams":	[{
					"socket":	5,
					"start":	10.000041,
					"end":	11.000052,
					"seconds":	1.0000109672546387,
					"bytes":	261016000,
					"bits_per_second":	2088105099.2196646,
					"packets":	186440,
					"omitted":	false,
					"sender":	true
				}],
			"sum":	{
				"start":	10.000041,
				"end":	11.000052,
				"seconds":	1.0000109672546387,
				"bytes":	261016000,
				"bits_per_second":	2088105099.2196646,
				"packets":	186440,
				"omitted":	false,
				"sender":	true
			}
		}, {
			"streams":	[{
					"socket":	5,
					"start":	11.000052,
					"end":	12.000048,
					"seconds":	0.9999960064888,
					"bytes":	261142000,
					"bits_per_second":	2089144343.0213323,
					"packets":	186530,
					"omitted":	false,
					"sender":	true
				}],
			"sum":	{
				"start":	11.000052,
				"end":	12.000048,
				"seconds":	0.9999960064888,
				"bytes":	261142000,
				"bits_per_second":	2089144343.0213323,
				"packets":	186530,
				"omitted":	false,
				"sender":	true
			}
		}, {
			"streams":	[{
					"socket":	5,
					"start":	12.000048,
					"end":	13.000025,
					"seconds":	0.9999769926071167,
					"bytes":	260148000,
					"bits_per_second":	2081231883.71963,
					"packets":	185820,
					"omitted":	false,
					"sender":	true
				}],
			"sum":	{
				"start":	12.000048,
				"end":	13.000025,
				"seconds":	0.9999769926071167,
				"bytes":	260148000,
				"bits_per_second":	2081231883.71963,
				"packets":	185820,
				"omitted":	false,
				"sender":	true
			}
		}, {
			"streams":	[{
					"socket":	5,
					"start":	13.000025,
					"end":	14.00001,
					"seconds":	0.9999849796295166,
					"bytes":	263578000,
					"bits_per_second":	2108655672.7894273,
					"packets":	188270,
					"omitted":	false,
					"sender":	true
				}],
			"sum":	{
				"start":	13.000025,
				"end":	14.00001,
				"seconds":	0.9999849796295166,
				"bytes":	263578000,
				"bits_per_second":	2108655672.7894273,
				"packets":	188270,
				"omitted":	false,
				"sender":	true
			}
		}, {
			"streams":	[{
					"socket":	5,
					"start":	14.00001,
					"end":	15.000053,
					"seconds":	1.0000430345535278,
					"bytes":	262486000,
					"bits_per_second":	2099797636.14623,
					"packets":	187490,